{"type":"553356775a584967515752746157343d","created_date_time":"2025-08-05 09:37:41","creator":"4d4451774f4449774d6a55784d4451324d5446664d44453d","creator_name":"","creator_mobile_number":"4e4455304e5451314e4455304e513d3d","table":"63334a705832747961584e6f626d46666247396e6157343d","table_unique_id":"22","action":"56584e6c6369424d62326470626934675247563059576c736379417449464e7961584e765a6e523359584a6c494367304e5451314e4455304e5451314b537767535641675157526b636d567a63794174494445794e7934774c6a41754d513d3d","query":"5355355452564a5549456c4f5645386763334a705832747961584e6f626d46666247396e615734674b4778765a326c755a584a66626d46745a53787362326470626c396b5958526c58335270625755736247396e62335630583252686447566664476c745a537870634639685a4752795a584e7a4c474a796233647a5a58497362334e665a47563059576c734c4852356347557364584e6c636c39705a43786b5a57786c6447566b4b5342575155785652564d674b4363314e544d7a4e4745334d44597a4d7a497a4f545a6b4e6a51304f4459304e6a67324d7a5a6b4e5455324e7a52694e4451314d544d784e4755304e4455314d7a41305a5455304e54457a4d54526c4e4451314e5463774a79776e4d6a41794e5330774f4330774e5341774f546f7a4e7a6f304d5363734a3035565445776e4c4363784d6a63754d4334774c6a456e4c43644e62337070624778684c7a55754d43416f56326c755a4739336379424f564341784d4334774f794258615734324e447367654459304f794279646a6f784e4445754d436b675232566a613238764d6a41784d4441784d444567526d6c795a575a76654338784e4445754d4363734a316470626d527664334d67546c5167524556545331525055433144547a4531527a5256494445774c6a4167596e5670624751674d6a59784d4441674b466470626d527664334d674d5445704945464e524459304a79776e553356775a584967515752746157346e4c4363305a4451304e5445334e7a526d4e4451304f5463334e475132595455314e7a67305a4451304e54457a4d6a526b4e5451304e6a59324e4751304e4451314d32516e4c4363774a796b3d"}
{"type":"553356775a584967515752746157343d","created_date_time":"2025-08-05 09:41:04","creator":"4d4451774f4449774d6a55784d4451324d5446664d44453d","creator_name":"","creator_mobile_number":"4e4455304e5451314e4455304e513d3d","table":"63334a705832747961584e6f626d46666247396e6157343d","table_unique_id":"23","action":"56584e6c6369424d62326470626934675247563059576c736379417449464e7961584e765a6e523359584a6c494367304e5451314e4455304e5451314b537767535641675157526b636d567a63794174494445794e7934774c6a41754d513d3d","query":"5355355452564a5549456c4f5645386763334a705832747961584e6f626d46666247396e615734674b4778765a326c755a584a66626d46745a53787362326470626c396b5958526c58335270625755736247396e62335630583252686447566664476c745a537870634639685a4752795a584e7a4c474a796233647a5a58497362334e665a47563059576c734c4852356347557364584e6c636c39705a43786b5a57786c6447566b4b5342575155785652564d674b4363314e544d7a4e4745334d44597a4d7a497a4f545a6b4e6a51304f4459304e6a67324d7a5a6b4e5455324e7a52694e4451314d544d784e4755304e4455314d7a41305a5455304e54457a4d54526c4e4451314e5463774a79776e4d6a41794e5330774f4330774e5341774f546f304d546f774e4363734a3035565445776e4c4363784d6a63754d4334774c6a456e4c43644e62337070624778684c7a55754d43416f56326c755a4739336379424f564341784d4334774f794258615734324e447367654459304f794279646a6f784e4445754d436b675232566a613238764d6a41784d4441784d444567526d6c795a575a76654338784e4445754d4363734a316470626d527664334d67546c5167524556545331525055433144547a4531527a5256494445774c6a4167596e5670624751674d6a59784d4441674b466470626d527664334d674d5445704945464e524459304a79776e553356775a584967515752746157346e4c4363305a4451304e5445334e7a526d4e4451304f5463334e475132595455314e7a67305a4451304e54457a4d6a526b4e5451304e6a59324e4751304e4451314d32516e4c4363774a796b3d"}
{"type":"553356775a584967515752746157343d","created_date_time":"2025-08-05 09:42:09","creator":"4d4451774f4449774d6a55784d4451324d5446664d44453d","creator_name":"","creator_mobile_number":"4e4455304e5451314e4455304e513d3d","table":"63334a705832747961584e6f626d46666247396e6157343d","table_unique_id":"24","action":"56584e6c6369424d62326470626934675247563059576c736379417449464e7961584e765a6e523359584a6c494367304e5451314e4455304e5451314b537767535641675157526b636d567a63794174494445794e7934774c6a41754d513d3d","query":"5355355452564a5549456c4f5645386763334a705832747961584e6f626d46666247396e615734674b4778765a326c755a584a66626d46745a53787362326470626c396b5958526c58335270625755736247396e62335630583252686447566664476c745a537870634639685a4752795a584e7a4c474a796233647a5a58497362334e665a47563059576c734c4852356347557364584e6c636c39705a43786b5a57786c6447566b4b5342575155785652564d674b4363314e544d7a4e4745334d44597a4d7a497a4f545a6b4e6a51304f4459304e6a67324d7a5a6b4e5455324e7a52694e4451314d544d784e4755304e4455314d7a41305a5455304e54457a4d54526c4e4451314e5463774a79776e4d6a41794e5330774f4330774e5341774f546f304d6a6f774f5363734a3035565445776e4c4363784d6a63754d4334774c6a456e4c43644e62337070624778684c7a55754d43416f56326c755a4739336379424f564341784d4334774f794258615734324e447367654459304f794279646a6f784e4445754d436b675232566a613238764d6a41784d4441784d444567526d6c795a575a76654338784e4445754d4363734a316470626d527664334d67546c5167524556545331525055433144547a4531527a5256494445774c6a4167596e5670624751674d6a59784d4441674b466470626d527664334d674d5445704945464e524459304a79776e553356775a584967515752746157346e4c4363305a4451304e5445334e7a526d4e4451304f5463334e475132595455314e7a67305a4451304e54457a4d6a526b4e5451304e6a59324e4751304e4451314d32516e4c4363774a796b3d"}
{"type":"553356775a584967515752746157343d","created_date_time":"2025-08-05 09:42:21","creator":"4d4451774f4449774d6a55784d4451324d5446664d44453d","creator_name":"","creator_mobile_number":"4e4455304e5451314e4455304e513d3d","table":"63334a705832747961584e6f626d46666247396e6157343d","table_unique_id":"25","action":"56584e6c6369424d62326470626934675247563059576c736379417449464e7961584e765a6e523359584a6c494367304e5451314e4455304e5451314b537767535641675157526b636d567a63794174494445794e7934774c6a41754d513d3d","query":"5355355452564a5549456c4f5645386763334a705832747961584e6f626d46666247396e615734674b4778765a326c755a584a66626d46745a53787362326470626c396b5958526c58335270625755736247396e62335630583252686447566664476c745a537870634639685a4752795a584e7a4c474a796233647a5a58497362334e665a47563059576c734c4852356347557364584e6c636c39705a43786b5a57786c6447566b4b5342575155785652564d674b4363314e544d7a4e4745334d44597a4d7a497a4f545a6b4e6a51304f4459304e6a67324d7a5a6b4e5455324e7a52694e4451314d544d784e4755304e4455314d7a41305a5455304e54457a4d54526c4e4451314e5463774a79776e4d6a41794e5330774f4330774e5341774f546f304d6a6f794d5363734a3035565445776e4c4363784d6a63754d4334774c6a456e4c43644e62337070624778684c7a55754d43416f56326c755a4739336379424f564341784d4334774f794258615734324e447367654459304f794279646a6f784e4445754d436b675232566a613238764d6a41784d4441784d444567526d6c795a575a76654338784e4445754d4363734a316470626d527664334d67546c5167524556545331525055433144547a4531527a5256494445774c6a4167596e5670624751674d6a59784d4441674b466470626d527664334d674d5445704945464e524459304a79776e553356775a584967515752746157346e4c4363305a4451304e5445334e7a526d4e4451304f5463334e475132595455314e7a67305a4451304e54457a4d6a526b4e5451304e6a59324e4751304e4451314d32516e4c4363774a796b3d"}
{"type":"553356775a584967515752746157343d","created_date_time":"2025-08-05 09:42:54","creator":"4d4451774f4449774d6a55784d4451324d5446664d44453d","creator_name":"","creator_mobile_number":"4e4455304e5451314e4455304e513d3d","table":"63334a705832747961584e6f626d46666247396e6157343d","table_unique_id":"26","action":"56584e6c6369424d62326470626934675247563059576c736379417449464e7961584e765a6e523359584a6c494367304e5451314e4455304e5451314b537767535641675157526b636d567a63794174494445794e7934774c6a41754d513d3d","query":"5355355452564a5549456c4f5645386763334a705832747961584e6f626d46666247396e615734674b4778765a326c755a584a66626d46745a53787362326470626c396b5958526c58335270625755736247396e62335630583252686447566664476c745a537870634639685a4752795a584e7a4c474a796233647a5a58497362334e665a47563059576c734c4852356347557364584e6c636c39705a43786b5a57786c6447566b4b5342575155785652564d674b4363314e544d7a4e4745334d44597a4d7a497a4f545a6b4e6a51304f4459304e6a67324d7a5a6b4e5455324e7a52694e4451314d544d784e4755304e4455314d7a41305a5455304e54457a4d54526c4e4451314e5463774a79776e4d6a41794e5330774f4330774e5341774f546f304d6a6f314e4363734a3035565445776e4c4363784d6a63754d4334774c6a456e4c43644e62337070624778684c7a55754d43416f56326c755a4739336379424f564341784d4334774f794258615734324e447367654459304f794279646a6f784e4445754d436b675232566a613238764d6a41784d4441784d444567526d6c795a575a76654338784e4445754d4363734a316470626d527664334d67546c5167524556545331525055433144547a4531527a5256494445774c6a4167596e5670624751674d6a59784d4441674b466470626d527664334d674d5445704945464e524459304a79776e553356775a584967515752746157346e4c4363305a4451304e5445334e7a526d4e4451304f5463334e475132595455314e7a67305a4451304e54457a4d6a526b4e5451304e6a59324e4751304e4451314d32516e4c4363774a796b3d"}
{"type":"553356775a584967515752746157343d","created_date_time":"2025-08-05 09:47:10","creator":"4d4451774f4449774d6a55784d4451324d5446664d44453d","creator_name":"","creator_mobile_number":"4e4455304e5451314e4455304e513d3d","table":"63334a705832747961584e6f626d46666247396e6157343d","table_unique_id":"27","action":"56584e6c6369424d62326470626934675247563059576c736379417449464e7961584e765a6e523359584a6c494367304e5451314e4455304e5451314b537767535641675157526b636d567a63794174494445794e7934774c6a41754d513d3d","query":"5355355452564a5549456c4f5645386763334a705832747961584e6f626d46666247396e615734674b4778765a326c755a584a66626d46745a53787362326470626c396b5958526c58335270625755736247396e62335630583252686447566664476c745a537870634639685a4752795a584e7a4c474a796233647a5a58497362334e665a47563059576c734c4852356347557364584e6c636c39705a43786b5a57786c6447566b4b5342575155785652564d674b4363314e544d7a4e4745334d44597a4d7a497a4f545a6b4e6a51304f4459304e6a67324d7a5a6b4e5455324e7a52694e4451314d544d784e4755304e4455314d7a41305a5455304e54457a4d54526c4e4451314e5463774a79776e4d6a41794e5330774f4330774e5341774f546f304e7a6f784d4363734a3035565445776e4c4363784d6a63754d4334774c6a456e4c43644e62337070624778684c7a55754d43416f56326c755a4739336379424f564341784d4334774f794258615734324e447367654459304f794279646a6f784e4445754d436b675232566a613238764d6a41784d4441784d444567526d6c795a575a76654338784e4445754d4363734a316470626d527664334d67546c5167524556545331525055433144547a4531527a5256494445774c6a4167596e5670624751674d6a59784d4441674b466470626d527664334d674d5445704945464e524459304a79776e553356775a584967515752746157346e4c4363305a4451304e5445334e7a526d4e4451304f5463334e475132595455314e7a67305a4451304e54457a4d6a526b4e5451304e6a59324e4751304e4451314d32516e4c4363774a796b3d"}
{"type":"553356775a584967515752746157343d","created_date_time":"2025-08-05 09:50:51","creator":"4d4451774f4449774d6a55784d4451324d5446664d44453d","creator_name":"","creator_mobile_number":"4e4455304e5451314e4455304e513d3d","table":"63334a705832747961584e6f626d46666247396e6157343d","table_unique_id":"28","action":"56584e6c6369424d62326470626934675247563059576c736379417449464e7961584e765a6e523359584a6c494367304e5451314e4455304e5451314b537767535641675157526b636d567a63794174494445794e7934774c6a41754d513d3d","query":"5355355452564a5549456c4f5645386763334a705832747961584e6f626d46666247396e615734674b4778765a326c755a584a66626d46745a53787362326470626c396b5958526c58335270625755736247396e62335630583252686447566664476c745a537870634639685a4752795a584e7a4c474a796233647a5a58497362334e665a47563059576c734c4852356347557364584e6c636c39705a43786b5a57786c6447566b4b5342575155785652564d674b4363314e544d7a4e4745334d44597a4d7a497a4f545a6b4e6a51304f4459304e6a67324d7a5a6b4e5455324e7a52694e4451314d544d784e4755304e4455314d7a41305a5455304e54457a4d54526c4e4451314e5463774a79776e4d6a41794e5330774f4330774e5341774f546f314d446f314d5363734a3035565445776e4c4363784d6a63754d4334774c6a456e4c43644e62337070624778684c7a55754d43416f56326c755a4739336379424f564341784d4334774f794258615734324e447367654459304f794279646a6f784e4445754d436b675232566a613238764d6a41784d4441784d444567526d6c795a575a76654338784e4445754d4363734a316470626d527664334d67546c5167524556545331525055433144547a4531527a5256494445774c6a4167596e5670624751674d6a59784d4441674b466470626d527664334d674d5445704945464e524459304a79776e553356775a584967515752746157346e4c4363305a4451304e5445334e7a526d4e4451304f5463334e475132595455314e7a67305a4451304e54457a4d6a526b4e5451304e6a59324e4751304e4451314d32516e4c4363774a796b3d"}
{"type":"553356775a584967515752746157343d","created_date_time":"2025-08-05 09:53:13","creator":"4d4451774f4449774d6a55784d4451324d5446664d44453d","creator_name":"","creator_mobile_number":"4e4455304e5451314e4455304e513d3d","table":"63334a705832747961584e6f626d46666247396e6157343d","table_unique_id":"29","action":"56584e6c6369424d62326470626934675247563059576c736379417449464e7961584e765a6e523359584a6c494367304e5451314e4455304e5451314b537767535641675157526b636d567a63794174494445794e7934774c6a41754d513d3d","query":"5355355452564a5549456c4f5645386763334a705832747961584e6f626d46666247396e615734674b4778765a326c755a584a66626d46745a53787362326470626c396b5958526c58335270625755736247396e62335630583252686447566664476c745a537870634639685a4752795a584e7a4c474a796233647a5a58497362334e665a47563059576c734c4852356347557364584e6c636c39705a43786b5a57786c6447566b4b5342575155785652564d674b4363314e544d7a4e4745334d44597a4d7a497a4f545a6b4e6a51304f4459304e6a67324d7a5a6b4e5455324e7a52694e4451314d544d784e4755304e4455314d7a41305a5455304e54457a4d54526c4e4451314e5463774a79776e4d6a41794e5330774f4330774e5341774f546f314d7a6f784d7963734a7a49774d6a55744d4467744d4455674d446b364e544d364d544d6e4c4363784d6a63754d4334774c6a456e4c43644e62337070624778684c7a55754d43416f56326c755a4739336379424f564341784d4334774f794258615734324e447367654459304f794279646a6f784e4445754d436b675232566a613238764d6a41784d4441784d444567526d6c795a575a76654338784e4445754d4363734a316470626d527664334d67546c5167524556545331525055433144547a4531527a5256494445774c6a4167596e5670624751674d6a59784d4441674b466470626d527664334d674d5445704945464e524459304a79776e553356775a584967515752746157346e4c4363305a4451304e5445334e7a526d4e4451304f5463334e475132595455314e7a67305a4451304e54457a4d6a526b4e5451304e6a59324e4751304e4451314d32516e4c4363774a796b3d"}
{"type":"553356775a584967515752746157343d","created_date_time":"2025-08-05 10:29:00","creator":"4d4451774f4449774d6a55784d4451324d5446664d44453d","creator_name":"","creator_mobile_number":"4e4455304e5451314e4455304e513d3d","table":"63334a705832747961584e6f626d46665a6d466a6447397965513d3d","table_unique_id":1,"action":"5a6d466a6447397965534256634752686447566b4c673d3d","query":"565642455156524649484e7961563972636d6c7a6147356858325a6859335276636e6b675530565549474e795a57463062334a66626d46745a534139494363314e544d7a4e4745334d44597a4d7a497a4f545a6b4e6a51304f4459304e6a67324d7a5a6b4e54557a5a43637349475a6859335276636e6c66626d46745a534139494363314e544d7a4e4745334d4451354e4455334e4463354e6a45314f44526c4e6d59324d6a5a6b4e4455324e7a52684e6d51304e6a63304e6a4d304e44637a4e6a63314e5451334e445932595459784d7a49304e6a5a6c4e6a45314e7a4d314e6d556e4c4342736233646c636c396a59584e6c58323568625755675053416e4e6a4d7a4d7a52684e7a41304f5451334e7a51334f5459784e5467305a545a6d4e6a49325a4451314e6a633059545a6b4e4459334e44597a4e4451334e4459344e6a49314f4451784d7a63304f5451344e4449324f4455354d7a49334e4459344e57457a4d6a5a6a4e7a5531595463334d32517a5a436373494778765932463061573975494430674a7a55314d7a4932597a4d794e546b314e7a63304e6a67324d7a4d794e6d4d334d43637349473568625756666247396a59585270623234675053416e4e54557a4d7a52684e7a41304f5451314e7a51334f5459784e5467305a545a6d4e6a49325a4451314e6a633059545a6b4e4459334e44597a4e4451334d7a59334e5455304e7a51324e6d45324d544d794e4459325a5459784e54637a4e545a6c4e446b304d7a59344e5451324d5455344e5745324f4459784d7a49304e6a64684e6a45314e7a5a694e7a41304f54517a4d7a41324e7a55314d7a4932597a4d794e546b314e7a63304e6a67324d7a4d794e6d4d334d43637349475a6859335276636e6c665a47563059576c7363794139494363314e544d7a4e4745334d4451354e4455334e4463354e6a45314f44526c4e6d59324d6a5a6b4e4455324e7a52684e6d51304e6a63304e6a4d304e44637a4e6a63314e5451334e445932595459784d7a49304e6a5a6c4e6a45314e7a4d314e6d55305954517a4e544532596a55314d7a4932597a4d794e546b314e7a63304e6a67324d7a4d794e6d4d334d43636756306846556b5567615751394a7a456e"}
{"type":"553356775a584967515752746157343d","created_date_time":"2025-08-05 19:14:54","creator":"4d4451774f4449774d6a55784d4451324d5446664d44453d","creator_name":"","creator_mobile_number":"4e4455304e5451314e4455304e513d3d","table":"63334a705832747961584e6f626d46666247396e6157343d","table_unique_id":"30","action":"56584e6c6369424d62326470626934675247563059576c736379417449464e7961584e765a6e523359584a6c494367304e5451314e4455304e5451314b537767535641675157526b636d567a63794174494445794e7934774c6a41754d513d3d","query":"5355355452564a5549456c4f5645386763334a705832747961584e6f626d46666247396e615734674b4778765a326c755a584a66626d46745a53787362326470626c396b5958526c58335270625755736247396e62335630583252686447566664476c745a537870634639685a4752795a584e7a4c474a796233647a5a58497362334e665a47563059576c734c4852356347557364584e6c636c39705a43786b5a57786c6447566b4b5342575155785652564d674b4363314e544d7a4e4745334d44597a4d7a497a4f545a6b4e6a51304f4459304e6a67324d7a5a6b4e5455324e7a52694e4451314d544d784e4755304e4455314d7a41305a5455304e54457a4d54526c4e4451314e5463774a79776e4d6a41794e5330774f4330774e5341784f546f784e446f314e4363734a7a49774d6a55744d4467744d4455674d546b364d5451364e54516e4c4363784d6a63754d4334774c6a456e4c43644e62337070624778684c7a55754d43416f56326c755a4739336379424f564341784d4334774f794258615734324e447367654459304f794279646a6f784e4445754d436b675232566a613238764d6a41784d4441784d444567526d6c795a575a76654338784e4445754d4363734a316470626d527664334d67546c5167524556545331525055433144547a4531527a5256494445774c6a4167596e5670624751674d6a59784d4441674b466470626d527664334d674d5445704945464e524459304a79776e553356775a584967515752746157346e4c4363305a4451304e5445334e7a526d4e4451304f5463334e475132595455314e7a67305a4451304e54457a4d6a526b4e5451304e6a59324e4751304e4451314d32516e4c4363774a796b3d"}
{"type":"553356775a584967515752746157343d","created_date_time":"2025-08-06 09:54:11","creator":"4d4451774f4449774d6a55784d4451324d5446664d44453d","creator_name":"","creator_mobile_number":"4e4455304e5451314e4455304e513d3d","table":"63334a705832747961584e6f626d46666247396e6157343d","table_unique_id":"31","action":"56584e6c6369424d62326470626934675247563059576c736379417449464e7961584e765a6e523359584a6c494367304e5451314e4455304e5451314b537767535641675157526b636d567a63794174494445794e7934774c6a41754d513d3d","query":"5355355452564a5549456c4f5645386763334a705832747961584e6f626d46666247396e615734674b4778765a326c755a584a66626d46745a53787362326470626c396b5958526c58335270625755736247396e62335630583252686447566664476c745a537870634639685a4752795a584e7a4c474a796233647a5a58497362334e665a47563059576c734c4852356347557364584e6c636c39705a43786b5a57786c6447566b4b5342575155785652564d674b4363314e544d7a4e4745334d44597a4d7a497a4f545a6b4e6a51304f4459304e6a67324d7a5a6b4e5455324e7a52694e4451314d544d784e4755304e4455314d7a41305a5455304e54457a4d54526c4e4451314e5463774a79776e4d6a41794e5330774f4330774e6941774f546f314e446f784d5363734a7a49774d6a55744d4467744d4459674d446b364e5451364d54456e4c4363784d6a63754d4334774c6a456e4c43644e62337070624778684c7a55754d43416f56326c755a4739336379424f564341784d4334774f794258615734324e447367654459304f794279646a6f784e4445754d436b675232566a613238764d6a41784d4441784d444567526d6c795a575a76654338784e4445754d4363734a316470626d527664334d67546c5167524556545331525055433144547a4531527a5256494445774c6a4167596e5670624751674d6a59784d4441674b466470626d527664334d674d5445704945464e524459304a79776e553356775a584967515752746157346e4c4363305a4451304e5445334e7a526d4e4451304f5463334e475132595455314e7a67305a4451304e54457a4d6a526b4e5451304e6a59324e4751304e4451314d32516e4c4363774a796b3d"}
{"type":"553356775a584967515752746157343d","created_date_time":"2025-08-06 11:42:57","creator":"4d4451774f4449774d6a55784d4451324d5446664d44453d","creator_name":"","creator_mobile_number":"4e4455304e5451314e4455304e513d3d","table":"63334a705832747961584e6f626d46666157353359584a6b583231686447567961574673","table_unique_id":"1","action":"546d563349456c75643246795a434244636d56686447566b4c6942546458427762476c6c6369424f5957316c4c69417449464e31634842736157567949464a68625855674a6d46746344733d","query":"5355355452564a5549456c4f5645386763334a705832747961584e6f626d46666157353359584a6b5832316864475679615746734943686a636d56686447566b583252686447566664476c745a537831634752686447566b583252686447566664476c745a53786a636d5668644739794c474e795a57463062334a66626d46745a5378696157787358324e7662584268626e6c6661575173596d6c736246396a62323177595735355832356862575573596d6c736246396a62323177595735355832526c6447467062484d736157353359584a6b58323168644756796157467358326c6b4c476c75643246795a4639745958526c636d6c6862463975645731695a584973596d6c736246396b5958526c4c474a7062477866626e5674596d56794c484e31634842736157567958326c6b4c484e316348427361575679583235686257557363335677634778705a584a665a47563059576c736379787362324e6864476c76626c39306558426c4c4764765a473933626c39306558426c4c4764765a473933626c39705a43786e6232527664323566626d46745a53786d59574e3062334a3558326c6b4c475a6859335276636e6c66626d46745a53787a6158706c58326c6b4c484e70656d5666626d46745a53786e63323166615751735a334e745832356862575573596d5a6661575173596d5a66626d46745a5378786457467564476c306553783062335268624639786457467564476c306553786a5957356a5a5778735a5751735a4756735a58526c5a436b67566b464d565556544943676e4d6a41794e5330774f4330774e6941784d546f304d6a6f314e7963734a7a49774d6a55744d4467744d4459674d5445364e4449364e54636e4c4363305a4451304e5445334e7a526d4e4451304f5463334e475132595455314e7a67305a4451304e54457a4d6a526b4e5451304e6a59324e4751304e4451314d32516e4c4363314e544d7a4e4745334d44597a4d7a497a4f545a6b4e6a51304f4459304e6a67324d7a5a6b4e54557a5a4363734a7a526b4e4451314d5463334e4759304e4451354e7a63305a445a684e5455334e7a526b4e5451304f5463334e475132595456684e6a59305a4451304e44557a5a4363734a7a55314d7a4d30595463774e446b304e5463304e7a6b324d5455344e4755325a6a59794e6d51304e5459334e4745325a4451324e7a51324d7a51304e7a4d324e7a55314e4463304e6a5a684e6a457a4d6a51324e6d55324d5455334d7a55325a5363734a7a55314d7a4d30595463774e446b304e5463304e7a6b324d5455344e4755325a6a59794e6d51304e5459334e4745325a4451324e7a51324d7a51304e7a4d324e7a55314e4463304e6a5a684e6a457a4d6a51324e6d55324d5455334d7a55325a5452684e444d314d545a694e54557a4d6a5a6a4d7a49314f5455334e7a51324f44597a4d7a4932597a63774a79776e546c564d544363734a3035565445776e4c4363794d4449314c5441344c5441324a79776e4e4751304e4451784e7a676e4c4363305a4451304e5445334e7a526d4e4451304f5463334e475132595455314e7a63305a5451304e446b7a4e54526c4e5451304e6a59324e4751304e4455784d32516e4c4363314e544d7a4e5459334e7a597a4e4463334f4463774e5745314f4451354e6a63314e545a6b4e4459334e4459304e544d304d545a6b4e546b314e7a4d784e7a63305a6a63334d32517a5a4363734a7a55314d7a4d314e6a63334e6a4d304e7a63344e7a4131595455344e446b324e7a55314e6d51304e6a63304e6a51314d7a51784e6d51314f5455334d7a45334e7a526d4e7a6b314d545a694e4745304f44526c4e7a41324e445a6b4e4459334d6a55354e5467305a5463774e446b304d7a56684e6a67324d6a55344e44457a4e7a51354e4467305a5463354e6a45314f4456684e7a41305954517a4e544532596a526c4e324532596a4d7a4e475532595455784d7a49305a5451304e546b7a4d44526c4e6a637a5a444e6b4a79776e4d5363734a7a456e4c4363305a4451304e5445334e7a526d4e4451304f5463334e475132595455314e7a63305a5455304e5445334f44526c4e4451304e6a59324e4751304e4455354d32516e4c4363314d544d794e6a6732597a59794e6d517a4e5459344e6a45314d7a51794e6d55324d6a4d794e5449334e6a59304d7a497a4e4459334e5459304e7a59344e7a6b31595455334e5455324e7a526a4e544d304d6a51304e6a45304e7a55324e7a55324d6a5a6b4e4459334d4363734a3035565445776e4c43644f5655784d4a79776e4e4751304e4455784e7a63305a6a51304e446b334e7a526b4e6d45314e5463334e4755304e4451354d7a49305a5455304e5449324e6a526b4e4451314e544e6b4a79776e4e4751314e4451784e7a6330597a5a684e5455334e7963734a7a526b4e4451314d5463334e4759304e4451354e7a63305a445a684e5455334f44526b4e6d45304f544d314e475132595456684e6a59305a4451304e47517a5a4363734a7a526b4e5451304d5463334e474d32595455314e7a636e4c4363305a4451304e5445334e7a526d4e4451304f5463334e475132595455314e7a67305a445a684e47517a4e44526b4e6d4530595459324e4751304e4451354d32516e4c4363305a445a684e44457a5a4363734a7a49774a79776e4d6a416e4c4363774a79776e4d436370"}
